Index,UID,EffectiveName,RawName,Email,Phone,RawRole,CanonicalRole,IdentityType,Status,Active,AuthExists,Source,OrgId,BusinessId,BranchId,DeviceCount,HasFCM,LegacyDetected,IncompleteDetected,DuplicateSignal,HasActivity,RiskScore,RiskLevel,RecommendedAction,Confidence,Evidence
1,"1768226535785","Gerald José  Flores Gutiérrez","Gerald José  Flores Gutiérrez","Sin correo","N/A","CLIENT","customer","CUSTOMER","ACTIVE",true,"NO","CUSTOMER_APP_SIGNUP","N/A","N/A","N/A",0,"NO",false,false,false,false,35,"MEDIUM","REMEDIATE","HIGH","Customer profile active but missing phone or email."
2,"1768243841542","Kim","Kim","Sin correo","N/A","business","business","BUSINESS","ACTIVE",true,"NO","BUSINESS_PROVISION","N/A","N/A","N/A",0,"NO",false,false,false,true,25,"MEDIUM","KEEP","HIGH","Active EIAM Merchant Owner bound to businessId: N/A, orgId: N/A"
3,"1768878763084","Henry Paz","Henry Paz","Sin correo","N/A","SELLER","seller","SELLER","DELETED",false,"NO","POS_STAFF_PROVISION","N/A","N/A","N/A",0,"NO",false,false,false,true,25,"MEDIUM","REVIEW","LOW","Unstructured identity document requiring manual inspection."
4,"1769029559449","Chepita","Chepita","Sin correo","N/A","SELLER","seller","SELLER","ACTIVE",true,"NO","POS_STAFF_PROVISION","N/A","N/A","N/A",0,"NO",false,false,false,true,25,"MEDIUM","REVIEW","LOW","Unstructured identity document requiring manual inspection."
5,"3Wt0XdzeOTfG1OXn72ApIhVbE5i1","Kimberly Flores Centeno","Kimberly Flores Centeno","familiaflorescenteno@gmail.com","N/A","undefined","undefined","UNKNOWN","ACTIVE",true,"NO","FIRESTORE /users","N/A","N/A","N/A",2,"YES",false,false,false,true,25,"MEDIUM","REVIEW","LOW","Unstructured identity document requiring manual inspection."
6,"8O8hJe5kSzNQxUkLwwkCsipGmAI3","kimberly Flores","kimberly Flores","kim@gmail.com","82397401","business","business","BUSINESS","DELETED",false,"NO","BUSINESS_PROVISION","N/A","N/A","N/A",0,"NO",false,false,true,false,45,"HIGH","KEEP","HIGH","Active EIAM Merchant Owner bound to businessId: N/A, orgId: N/A"
7,"9QHYGkSa3nWiJ7KfPkccjjuIaYp2","Henry Paz","Henry Paz","hpaz@gmail.com","82397401","courier","courier","COURIER","ACTIVE",true,"NO","DELIVERY_FLEET_ONBOARDING","N/A","N/A","N/A",1,"YES",false,false,true,false,55,"HIGH","KEEP","HIGH","Active Delivery Fleet Courier operator"
8,"USR-1768621181014","Zamir Ocornor","Zamir Ocornor","Sin correo","N/A","CLIENT","customer","CUSTOMER","ACTIVE",true,"NO","CUSTOMER_APP_SIGNUP","N/A","N/A","N/A",0,"NO",false,false,false,false,35,"MEDIUM","REMEDIATE","HIGH","Customer profile active but missing phone or email."
9,"USR-1769025804680","Omar Altamirano","Omar Altamirano ","Sin correo","N/A","CLIENT","customer","CUSTOMER","ACTIVE",true,"NO","CUSTOMER_APP_SIGNUP","N/A","N/A","N/A",0,"NO",false,false,false,false,35,"MEDIUM","REMEDIATE","HIGH","Customer profile active but missing phone or email."
10,"USR-1769029685895","Richard centeno","Richard centeno","Sin correo","N/A","CLIENT","customer","CUSTOMER","ACTIVE",true,"NO","CUSTOMER_APP_SIGNUP","N/A","N/A","N/A",0,"NO",false,false,false,false,35,"MEDIUM","REMEDIATE","HIGH","Customer profile active but missing phone or email."
11,"USR-1769098535884","Adolfo Urbina","Adolfo Urbina","Sin correo","N/A","CLIENT","customer","CUSTOMER","ACTIVE",true,"NO","CUSTOMER_APP_SIGNUP","N/A","N/A","N/A",0,"NO",false,false,false,false,35,"MEDIUM","REMEDIATE","HIGH","Customer profile active but missing phone or email."
12,"USR-1769190932815","vicenta gutirrrez","vicenta gutirrrez","Sin correo","N/A","CLIENT","customer","CUSTOMER","ACTIVE",true,"NO","CUSTOMER_APP_SIGNUP","N/A","N/A","N/A",0,"NO",false,false,false,false,35,"MEDIUM","REMEDIATE","HIGH","Customer profile active but missing phone or email."
13,"USR-1769194803657","adolfo  urbina","adolfo  urbina","Sin correo","N/A","CLIENT","customer","CUSTOMER","ACTIVE",true,"NO","CUSTOMER_APP_SIGNUP","N/A","N/A","N/A",0,"NO",false,false,false,false,35,"MEDIUM","REMEDIATE","HIGH","Customer profile active but missing phone or email."
14,"USR-1769465117595","andy flores","andy flores","Sin correo","N/A","CLIENT","customer","CUSTOMER","ACTIVE",true,"NO","CUSTOMER_APP_SIGNUP","N/A","N/A","N/A",0,"NO",false,false,false,false,35,"MEDIUM","REMEDIATE","HIGH","Customer profile active but missing phone or email."
15,"USR-1769487243198","Helo Jdkdk","Helo Jdkdk","Sin correo","N/A","CLIENT","customer","CUSTOMER","ACTIVE",true,"NO","CUSTOMER_APP_SIGNUP","N/A","N/A","N/A",0,"NO",false,false,false,false,35,"MEDIUM","REMEDIATE","HIGH","Customer profile active but missing phone or email."
16,"USR-1769620170492","pepe flores","pepe flores","Sin correo","N/A","CLIENT","customer","CUSTOMER","ACTIVE",true,"NO","CUSTOMER_APP_SIGNUP","N/A","N/A","N/A",0,"NO",false,false,false,false,35,"MEDIUM","REMEDIATE","HIGH","Customer profile active but missing phone or email."
17,"USR-1769633352410","Gggg Ghh","Gggg Ghh","Sin correo","N/A","CLIENT","customer","CUSTOMER","ACTIVE",true,"NO","CUSTOMER_APP_SIGNUP","N/A","N/A","N/A",0,"NO",false,false,false,false,35,"MEDIUM","REMEDIATE","HIGH","Customer profile active but missing phone or email."
18,"USR-1769711990359","venus flores","venus flores","Sin correo","N/A","CLIENT","customer","CUSTOMER","ACTIVE",true,"NO","CUSTOMER_APP_SIGNUP","N/A","N/A","N/A",0,"NO",false,false,false,false,35,"MEDIUM","REMEDIATE","HIGH","Customer profile active but missing phone or email."
19,"USR-1770060240159","Jairo  AldNa","Jairo  AldNa","Sin correo","N/A","CLIENT","customer","CUSTOMER","ACTIVE",true,"NO","CUSTOMER_APP_SIGNUP","N/A","N/A","N/A",0,"NO",false,false,false,false,35,"MEDIUM","REMEDIATE","HIGH","Customer profile active but missing phone or email."
20,"USR-1771428610412","Nelson Busto","Nelson Busto","Sin correo","N/A","CLIENT","customer","CUSTOMER","ACTIVE",true,"NO","CUSTOMER_APP_SIGNUP","N/A","N/A","N/A",0,"NO",false,false,false,false,35,"MEDIUM","REMEDIATE","HIGH","Customer profile active but missing phone or email."
21,"USR-1772377026947","Luciana  Aldana","Luciana  Aldana ","Sin correo","N/A","CLIENT","customer","CUSTOMER","ACTIVE",true,"NO","CUSTOMER_APP_SIGNUP","N/A","N/A","N/A",0,"NO",false,false,false,false,35,"MEDIUM","REMEDIATE","HIGH","Customer profile active but missing phone or email."
22,"USR-CL-1768337682525","allan mendoza","allan mendoza","Sin correo","N/A","CLIENT","customer","CUSTOMER","ACTIVE",true,"NO","CUSTOMER_APP_SIGNUP","N/A","N/A","N/A",0,"NO",false,false,false,false,35,"MEDIUM","REMEDIATE","HIGH","Customer profile active but missing phone or email."
23,"USR-CL-1768342901776","zoe flores","zoe flores","Sin correo","N/A","CLIENT","customer","CUSTOMER","ACTIVE",true,"NO","CUSTOMER_APP_SIGNUP","N/A","N/A","N/A",0,"NO",false,false,false,false,35,"MEDIUM","REMEDIATE","HIGH","Customer profile active but missing phone or email."
24,"USR-CL-1768365031013","maria chavez","maria chavez","Sin correo","N/A","CLIENT","customer","CUSTOMER","ACTIVE",true,"NO","CUSTOMER_APP_SIGNUP","N/A","N/A","N/A",0,"NO",false,false,false,false,35,"MEDIUM","REMEDIATE","HIGH","Customer profile active but missing phone or email."
25,"USR-CL-1768422839897","denis flores","denis flores","Sin correo","N/A","CLIENT","customer","CUSTOMER","ACTIVE",true,"NO","CUSTOMER_APP_SIGNUP","N/A","N/A","N/A",0,"NO",false,false,false,false,35,"MEDIUM","REMEDIATE","HIGH","Customer profile active but missing phone or email."
26,"XWNzPT5p6fbf7reFdFBNTZoQrY42","Junior Flores","Junior Flores","gflores@unan.edu.ni","82397401","MERCHANT_OWNER","business","BUSINESS","ACTIVE",true,"NO","ADR_011_MERCHANT_ONBOARDING","75b145e5-17ec-4248-a085-c962a408db86","e7dc911e-e587-4be9-a741-7d9d9828011f","794f7c02-8077-40a8-b260-2fdd27a6f35d",0,"NO",false,false,true,true,20,"MEDIUM","KEEP","HIGH","Active EIAM Merchant Owner bound to businessId: e7dc911e-e587-4be9-a741-7d9d9828011f, orgId: 75b145e5-17ec-4248-a085-c962a408db86"
27,"XWsjzZe8lsfthRQ5PgbDzlqA2nX2","Gerald Flores","Gerald Flores","geraldflores07@gmail.com","N/A","admin","admin","ADMIN","ACTIVE",true,"NO","EIAM_ADMIN_PROVISION","N/A","N/A","N/A",1,"YES",false,false,false,true,10,"LOW","KEEP","HIGH","Privileged System Administrator profile"
28,"admin_initial","Admin Gerald Flores","Admin Gerald Flores","admin@blue.com","N/A","ADMIN","admin","ADMIN","ACTIVE",true,"NO","EIAM_ADMIN_PROVISION","N/A","N/A","N/A",0,"NO",false,false,false,true,10,"LOW","KEEP","HIGH","Privileged System Administrator profile"
29,"dbX1tvV2WNdFv4KWMbWNW8lngDI2","Gerald Jose Flores Gutierrez","Gerald Jose Flores Gutierrez","Sin correo","N/A","undefined","undefined","UNKNOWN","ACTIVE",true,"NO","FIRESTORE /users","N/A","N/A","N/A",1,"YES",false,false,false,false,35,"MEDIUM","REVIEW","LOW","Unstructured identity document requiring manual inspection."
30,"dlRY2ZVUqPR2Fxoc3cazcOxxRJg2","FRITONI","FRITONI","fritonic@gmail.com","82397401","business","business","BUSINESS","ACTIVE",true,"NO","BUSINESS_PROVISION","N/A","N/A","N/A",2,"YES",false,false,true,false,45,"HIGH","KEEP","HIGH","Active EIAM Merchant Owner bound to businessId: N/A, orgId: N/A"
31,"h00PIZpMgxSaqSVnYpRLPq0DYGC3","ITED Virtual","ITED Virtual","itedvirtual@gmail.com","N/A","undefined","undefined","UNKNOWN","ACTIVE",true,"NO","FIRESTORE /users","N/A","N/A","N/A",0,"NO",false,false,false,true,25,"MEDIUM","REVIEW","LOW","Unstructured identity document requiring manual inspection."
32,"qtlV8m8wj0ed0tQFXKzjfXKzQ5g2","Aldrich Flores","Aldrich Flores","ventas@tecnocomp.com.ni","+50582397401","MERCHANT_OWNER","business","BUSINESS","ACTIVE",true,"NO","ADR_011_MERCHANT_ONBOARDING","1b485c29-b7e3-4173-a4fd-36f8bb4ec1e8","bbb760d5-a8f3-4700-9a96-f58f11f345ac","30945c9c-3aee-4e45-b35d-a998b57cf2fa",0,"NO",false,false,true,true,20,"MEDIUM","KEEP","HIGH","Active EIAM Merchant Owner bound to businessId: bbb760d5-a8f3-4700-9a96-f58f11f345ac, orgId: 1b485c29-b7e3-4173-a4fd-36f8bb4ec1e8"
33,"user_cli_1768237897386","Aldrich  Flores","Aldrich  Flores","Sin correo","N/A","CLIENT","customer","LEGACY_POS","ACTIVE",true,"NO","POS_SYNC_DESKTOP","N/A","N/A","N/A",0,"NO",true,false,false,false,50,"HIGH","LINK","MEDIUM","Desktop POS synced client (user_cli_1768237897386), role: CLIENT, relatedClientId: cliente0003_2026, auth: NO | POS Client account for Aldrich Flores. Candidate to link with EIAM Business account qtlV8m8wj0ed0tQFXKzjfXKzQ5g2."
34,"user_cli_1768240170991","venus flores","venus flores","Sin correo","N/A","CLIENT","customer","LEGACY_POS","ACTIVE",true,"NO","POS_SYNC_DESKTOP","N/A","N/A","N/A",0,"NO",true,false,false,false,50,"HIGH","REVIEW","MEDIUM","Desktop POS synced client (user_cli_1768240170991), role: CLIENT, relatedClientId: cliente0007_2026, auth: NO"
35,"user_cliente0002_2026","Perla  Centeno","Perla  Centeno","Sin correo","N/A","CLIENT","customer","LEGACY_POS","ACTIVE",true,"NO","POS_SYNC_DESKTOP","N/A","N/A","N/A",0,"NO",true,false,false,false,50,"HIGH","REVIEW","MEDIUM","Desktop POS synced client (user_cliente0002_2026), role: CLIENT, relatedClientId: cliente0002_2026, auth: NO"
36,"user_cliente0008_2026","Junior Flores","Junior Flores","Sin correo","N/A","CLIENT","customer","LEGACY_POS","ACTIVE",true,"NO","POS_SYNC_DESKTOP","N/A","N/A","N/A",0,"NO",true,false,false,false,50,"HIGH","REVIEW","MEDIUM","Desktop POS synced client (user_cliente0008_2026), role: CLIENT, relatedClientId: cliente0008_2026, auth: NO"
37,"user_cliente0009_2026","hola oooo","hola oooo","Sin correo","N/A","CLIENT","customer","LEGACY_POS","ACTIVE",true,"NO","POS_SYNC_DESKTOP","N/A","N/A","N/A",0,"NO",true,false,false,false,50,"HIGH","REVIEW","MEDIUM","Desktop POS synced client (user_cliente0009_2026), role: CLIENT, relatedClientId: cliente0009_2026, auth: NO"
38,"user_cliente0010_2026","maria ramos","maria ramos","Sin correo","N/A","CLIENT","customer","LEGACY_POS","ACTIVE",true,"NO","POS_SYNC_DESKTOP","N/A","N/A","N/A",0,"NO",true,false,false,false,50,"HIGH","REVIEW","MEDIUM","Desktop POS synced client (user_cliente0010_2026), role: CLIENT, relatedClientId: cliente0010_2026, auth: NO"
39,"user_cliente0011_2026","sonia matamoros","sonia matamoros","Sin correo","N/A","CLIENT","customer","LEGACY_POS","ACTIVE",true,"NO","POS_SYNC_DESKTOP","N/A","N/A","N/A",0,"NO",true,false,false,false,50,"HIGH","REVIEW","MEDIUM","Desktop POS synced client (user_cliente0011_2026), role: CLIENT, relatedClientId: cliente0011_2026, auth: NO"
40,"user_cliente1768275049139","eva morales","eva morales","Sin correo","N/A","CLIENT","customer","LEGACY_POS","ACTIVE",true,"NO","POS_SYNC_DESKTOP","N/A","N/A","N/A",0,"NO",true,false,false,false,50,"HIGH","REVIEW","MEDIUM","Desktop POS synced client (user_cliente1768275049139), role: CLIENT, relatedClientId: cliente1768275049139, auth: NO"
41,"user_cliente1768278375844","xoci ruiz","xoci ruiz","Sin correo","N/A","CLIENT","customer","LEGACY_POS","ACTIVE",true,"NO","POS_SYNC_DESKTOP","N/A","N/A","N/A",0,"NO",true,false,false,false,50,"HIGH","REVIEW","MEDIUM","Desktop POS synced client (user_cliente1768278375844), role: CLIENT, relatedClientId: cliente1768278375844, auth: NO"
