index,uid,documentId,effectiveName,rawRole,originClass,eligibilityClass,deleteAllowed,archiveAllowed,reviewRequired,reason,evidenceSources,authStatus
1,"1768226535785","1768226535785","Gerald José  Flores Gutiérrez","CLIENT","POS_LEGACY","REVIEW",false,false,true,"Synced from Desktop POS application (relatedClientId: cliente0001_2026)","Firestore /users document 1768226535785 | Origin evidence: Synced from Desktop POS application (relatedClientId: cliente0001_2026) | Operational counts: sales=0, payments=0, orders=0","AUTH_ENUMERATION_BLOCKED"
2,"1768243841542","1768243841542","Kim","business","BUSINESS_PROVISION","KEEP",false,false,false,"Provisioned Merchant Owner / Business user bound to businessId: null","Firestore /users document 1768243841542 | Origin evidence: Provisioned Merchant Owner / Business user bound to businessId: null | Operational counts: sales=27, payments=0, orders=0","AUTH_ENUMERATION_BLOCKED"
3,"1768878763084","1768878763084","Henry Paz","SELLER","POS_STAFF","REVIEW",false,false,true,"POS Cashier / Seller Staff account provisioned for local store sales","Firestore /users document 1768878763084 | Origin evidence: POS Cashier / Seller Staff account provisioned for local store sales | Operational counts: sales=65, payments=0, orders=0","AUTH_ENUMERATION_BLOCKED"
4,"1769029559449","1769029559449","Chepita","SELLER","POS_STAFF","REVIEW",false,false,true,"POS Cashier / Seller Staff account provisioned for local store sales","Firestore /users document 1769029559449 | Origin evidence: POS Cashier / Seller Staff account provisioned for local store sales | Operational counts: sales=8, payments=0, orders=0","AUTH_ENUMERATION_BLOCKED"
5,"3Wt0XdzeOTfG1OXn72ApIhVbE5i1","3Wt0XdzeOTfG1OXn72ApIhVbE5i1","Kimberly Flores Centeno","undefined","UNKNOWN","REVIEW",false,false,true,"Unclassified document in /users","Firestore /users document 3Wt0XdzeOTfG1OXn72ApIhVbE5i1 | Origin evidence: Unclassified document in /users | Operational counts: sales=0, payments=0, orders=1","AUTH_ENUMERATION_BLOCKED"
6,"8O8hJe5kSzNQxUkLwwkCsipGmAI3","8O8hJe5kSzNQxUkLwwkCsipGmAI3","kimberly Flores","business","BUSINESS_PROVISION","KEEP",false,false,false,"Provisioned Merchant Owner / Business user bound to businessId: null","Firestore /users document 8O8hJe5kSzNQxUkLwwkCsipGmAI3 | Origin evidence: Provisioned Merchant Owner / Business user bound to businessId: null | Operational counts: sales=0, payments=0, orders=0","AUTH_ENUMERATION_BLOCKED"
7,"9QHYGkSa3nWiJ7KfPkccjjuIaYp2","9QHYGkSa3nWiJ7KfPkccjjuIaYp2","Henry Paz","courier","DELIVERY_FLEET","KEEP",false,false,false,"Delivery Fleet Courier operator account registered for order distribution","Firestore /users document 9QHYGkSa3nWiJ7KfPkccjjuIaYp2 | Origin evidence: Delivery Fleet Courier operator account registered for order distribution | Operational counts: sales=0, payments=0, orders=0","AUTH_ENUMERATION_BLOCKED"
8,"USR-1768621181014","USR-1768621181014","Zamir Ocornor","CLIENT","POS_LEGACY","REVIEW",false,false,true,"Synced from Desktop POS application (relatedClientId: cliente3693_2026)","Firestore /users document USR-1768621181014 | Origin evidence: Synced from Desktop POS application (relatedClientId: cliente3693_2026) | Operational counts: sales=0, payments=0, orders=0","AUTH_ENUMERATION_BLOCKED"
9,"USR-1769025804680","USR-1769025804680","Omar Altamirano","CLIENT","POS_LEGACY","REVIEW",false,false,true,"Synced from Desktop POS application (relatedClientId: cliente4375_2026)","Firestore /users document USR-1769025804680 | Origin evidence: Synced from Desktop POS application (relatedClientId: cliente4375_2026) | Operational counts: sales=0, payments=0, orders=0","AUTH_ENUMERATION_BLOCKED"
10,"USR-1769029685895","USR-1769029685895","Richard centeno","CLIENT","POS_LEGACY","REVIEW",false,false,true,"Synced from Desktop POS application (relatedClientId: cliente1852_2026)","Firestore /users document USR-1769029685895 | Origin evidence: Synced from Desktop POS application (relatedClientId: cliente1852_2026) | Operational counts: sales=0, payments=0, orders=0","AUTH_ENUMERATION_BLOCKED"
11,"USR-1769098535884","USR-1769098535884","Adolfo Urbina","CLIENT","POS_LEGACY","REVIEW",false,false,true,"Synced from Desktop POS application (relatedClientId: cliente2968_2026)","Firestore /users document USR-1769098535884 | Origin evidence: Synced from Desktop POS application (relatedClientId: cliente2968_2026) | Operational counts: sales=0, payments=0, orders=0","AUTH_ENUMERATION_BLOCKED"
12,"USR-1769190932815","USR-1769190932815","vicenta gutirrrez","CLIENT","POS_LEGACY","REVIEW",false,false,true,"Synced from Desktop POS application (relatedClientId: cliente3263_2026)","Firestore /users document USR-1769190932815 | Origin evidence: Synced from Desktop POS application (relatedClientId: cliente3263_2026) | Operational counts: sales=0, payments=0, orders=0","AUTH_ENUMERATION_BLOCKED"
13,"USR-1769194803657","USR-1769194803657","adolfo  urbina","CLIENT","POS_LEGACY","REVIEW",false,false,true,"Synced from Desktop POS application (relatedClientId: cliente4376_2026)","Firestore /users document USR-1769194803657 | Origin evidence: Synced from Desktop POS application (relatedClientId: cliente4376_2026) | Operational counts: sales=0, payments=0, orders=0","AUTH_ENUMERATION_BLOCKED"
14,"USR-1769465117595","USR-1769465117595","andy flores","CLIENT","POS_LEGACY","REVIEW",false,false,true,"Synced from Desktop POS application (relatedClientId: cliente4377_2026)","Firestore /users document USR-1769465117595 | Origin evidence: Synced from Desktop POS application (relatedClientId: cliente4377_2026) | Operational counts: sales=0, payments=0, orders=0","AUTH_ENUMERATION_BLOCKED"
15,"USR-1769487243198","USR-1769487243198","Helo Jdkdk","CLIENT","POS_LEGACY","REVIEW",false,false,true,"Synced from Desktop POS application (relatedClientId: cliente0015_2026)","Firestore /users document USR-1769487243198 | Origin evidence: Synced from Desktop POS application (relatedClientId: cliente0015_2026) | Operational counts: sales=0, payments=0, orders=0","AUTH_ENUMERATION_BLOCKED"
16,"USR-1769620170492","USR-1769620170492","pepe flores","CLIENT","POS_LEGACY","REVIEW",false,false,true,"Synced from Desktop POS application (relatedClientId: cliente4378_2026)","Firestore /users document USR-1769620170492 | Origin evidence: Synced from Desktop POS application (relatedClientId: cliente4378_2026) | Operational counts: sales=0, payments=0, orders=0","AUTH_ENUMERATION_BLOCKED"
17,"USR-1769633352410","USR-1769633352410","Gggg Ghh","CLIENT","POS_LEGACY","REVIEW",false,false,true,"Synced from Desktop POS application (relatedClientId: cliente4379_2026)","Firestore /users document USR-1769633352410 | Origin evidence: Synced from Desktop POS application (relatedClientId: cliente4379_2026) | Operational counts: sales=0, payments=0, orders=0","AUTH_ENUMERATION_BLOCKED"
18,"USR-1769711990359","USR-1769711990359","venus flores","CLIENT","POS_LEGACY","REVIEW",false,false,true,"Synced from Desktop POS application (relatedClientId: cliente0015_2026)","Firestore /users document USR-1769711990359 | Origin evidence: Synced from Desktop POS application (relatedClientId: cliente0015_2026) | Operational counts: sales=0, payments=0, orders=0","AUTH_ENUMERATION_BLOCKED"
19,"USR-1770060240159","USR-1770060240159","Jairo  AldNa","CLIENT","POS_LEGACY","REVIEW",false,false,true,"Synced from Desktop POS application (relatedClientId: cliente4380_2026)","Firestore /users document USR-1770060240159 | Origin evidence: Synced from Desktop POS application (relatedClientId: cliente4380_2026) | Operational counts: sales=0, payments=0, orders=0","AUTH_ENUMERATION_BLOCKED"
20,"USR-1771428610412","USR-1771428610412","Nelson Busto","CLIENT","POS_LEGACY","REVIEW",false,false,true,"Synced from Desktop POS application (relatedClientId: cliente4381_2026)","Firestore /users document USR-1771428610412 | Origin evidence: Synced from Desktop POS application (relatedClientId: cliente4381_2026) | Operational counts: sales=0, payments=0, orders=0","AUTH_ENUMERATION_BLOCKED"
21,"USR-1772377026947","USR-1772377026947","Luciana  Aldana","CLIENT","POS_LEGACY","REVIEW",false,false,true,"Synced from Desktop POS application (relatedClientId: cliente4382_2026)","Firestore /users document USR-1772377026947 | Origin evidence: Synced from Desktop POS application (relatedClientId: cliente4382_2026) | Operational counts: sales=0, payments=0, orders=0","AUTH_ENUMERATION_BLOCKED"
22,"USR-CL-1768337682525","USR-CL-1768337682525","allan mendoza","CLIENT","POS_LEGACY","REVIEW",false,false,true,"Synced from Desktop POS application (relatedClientId: cliente0012_2026)","Firestore /users document USR-CL-1768337682525 | Origin evidence: Synced from Desktop POS application (relatedClientId: cliente0012_2026) | Operational counts: sales=0, payments=0, orders=0","AUTH_ENUMERATION_BLOCKED"
23,"USR-CL-1768342901776","USR-CL-1768342901776","zoe flores","CLIENT","POS_LEGACY","REVIEW",false,false,true,"Synced from Desktop POS application (relatedClientId: cliente0013_2026)","Firestore /users document USR-CL-1768342901776 | Origin evidence: Synced from Desktop POS application (relatedClientId: cliente0013_2026) | Operational counts: sales=0, payments=0, orders=0","AUTH_ENUMERATION_BLOCKED"
24,"USR-CL-1768365031013","USR-CL-1768365031013","maria chavez","CLIENT","POS_LEGACY","REVIEW",false,false,true,"Synced from Desktop POS application (relatedClientId: cliente0014_2026)","Firestore /users document USR-CL-1768365031013 | Origin evidence: Synced from Desktop POS application (relatedClientId: cliente0014_2026) | Operational counts: sales=0, payments=0, orders=0","AUTH_ENUMERATION_BLOCKED"
25,"USR-CL-1768422839897","USR-CL-1768422839897","denis flores","CLIENT","POS_LEGACY","REVIEW",false,false,true,"Synced from Desktop POS application (relatedClientId: cliente0015_2026)","Firestore /users document USR-CL-1768422839897 | Origin evidence: Synced from Desktop POS application (relatedClientId: cliente0015_2026) | Operational counts: sales=0, payments=0, orders=0","AUTH_ENUMERATION_BLOCKED"
26,"XWNzPT5p6fbf7reFdFBNTZoQrY42","XWNzPT5p6fbf7reFdFBNTZoQrY42","Junior Flores","MERCHANT_OWNER","MERCHANT_ONBOARDING","KEEP",false,false,false,"ADR-011 Canonical Merchant Onboarding chain (Organization: 75b145e5-17ec-4248-a085-c962a408db86, Business: e7dc911e-e587-4be9-a741-7d9d9828011f)","Firestore /users document XWNzPT5p6fbf7reFdFBNTZoQrY42 | Origin evidence: ADR-011 Canonical Merchant Onboarding chain (Organization: 75b145e5-17ec-4248-a085-c962a408db86, Business: e7dc911e-e587-4be9-a741-7d9d9828011f) | Operational counts: sales=0, payments=0, orders=0","AUTH_ENUMERATION_BLOCKED"
27,"XWsjzZe8lsfthRQ5PgbDzlqA2nX2","XWsjzZe8lsfthRQ5PgbDzlqA2nX2","Gerald Flores","admin","ADMIN_PANEL","KEEP",false,false,false,"EIAM System Administrator account provisioned for platform management","Firestore /users document XWsjzZe8lsfthRQ5PgbDzlqA2nX2 | Origin evidence: EIAM System Administrator account provisioned for platform management | Operational counts: sales=0, payments=0, orders=1","AUTH_ENUMERATION_BLOCKED"
28,"admin_initial","admin_initial","Admin Gerald Flores","ADMIN","ADMIN_PANEL","KEEP",false,false,false,"EIAM System Administrator account provisioned for platform management","Firestore /users document admin_initial | Origin evidence: EIAM System Administrator account provisioned for platform management | Operational counts: sales=256, payments=0, orders=0","AUTH_ENUMERATION_BLOCKED"
29,"dbX1tvV2WNdFv4KWMbWNW8lngDI2","dbX1tvV2WNdFv4KWMbWNW8lngDI2","Gerald Jose Flores Gutierrez","undefined","UNKNOWN","REVIEW",false,false,true,"Unclassified document in /users","Firestore /users document dbX1tvV2WNdFv4KWMbWNW8lngDI2 | Origin evidence: Unclassified document in /users | Operational counts: sales=0, payments=0, orders=0","AUTH_ENUMERATION_BLOCKED"
30,"dlRY2ZVUqPR2Fxoc3cazcOxxRJg2","dlRY2ZVUqPR2Fxoc3cazcOxxRJg2","FRITONI","business","BUSINESS_PROVISION","KEEP",false,false,false,"Provisioned Merchant Owner / Business user bound to businessId: null","Firestore /users document dlRY2ZVUqPR2Fxoc3cazcOxxRJg2 | Origin evidence: Provisioned Merchant Owner / Business user bound to businessId: null | Operational counts: sales=0, payments=0, orders=0","AUTH_ENUMERATION_BLOCKED"
31,"h00PIZpMgxSaqSVnYpRLPq0DYGC3","h00PIZpMgxSaqSVnYpRLPq0DYGC3","ITED Virtual","undefined","UNKNOWN","REVIEW",false,false,true,"Unclassified document in /users","Firestore /users document h00PIZpMgxSaqSVnYpRLPq0DYGC3 | Origin evidence: Unclassified document in /users | Operational counts: sales=0, payments=0, orders=1","AUTH_ENUMERATION_BLOCKED"
32,"qtlV8m8wj0ed0tQFXKzjfXKzQ5g2","qtlV8m8wj0ed0tQFXKzjfXKzQ5g2","Aldrich Flores","MERCHANT_OWNER","MERCHANT_ONBOARDING","KEEP",false,false,false,"ADR-011 Canonical Merchant Onboarding chain (Organization: 1b485c29-b7e3-4173-a4fd-36f8bb4ec1e8, Business: bbb760d5-a8f3-4700-9a96-f58f11f345ac)","Firestore /users document qtlV8m8wj0ed0tQFXKzjfXKzQ5g2 | Origin evidence: ADR-011 Canonical Merchant Onboarding chain (Organization: 1b485c29-b7e3-4173-a4fd-36f8bb4ec1e8, Business: bbb760d5-a8f3-4700-9a96-f58f11f345ac) | Operational counts: sales=0, payments=0, orders=0","AUTH_ENUMERATION_BLOCKED"
33,"user_cli_1768237897386","user_cli_1768237897386","Aldrich  Flores","CLIENT","POS_LEGACY","REVIEW",false,false,true,"Synced from Desktop POS application (relatedClientId: cliente0003_2026)","Firestore /users document user_cli_1768237897386 | Origin evidence: Synced from Desktop POS application (relatedClientId: cliente0003_2026) | Operational counts: sales=0, payments=0, orders=0","AUTH_ENUMERATION_BLOCKED"
34,"user_cli_1768240170991","user_cli_1768240170991","venus flores","CLIENT","POS_LEGACY","REVIEW",false,false,true,"Synced from Desktop POS application (relatedClientId: cliente0007_2026)","Firestore /users document user_cli_1768240170991 | Origin evidence: Synced from Desktop POS application (relatedClientId: cliente0007_2026) | Operational counts: sales=0, payments=0, orders=0","AUTH_ENUMERATION_BLOCKED"
35,"user_cliente0002_2026","user_cliente0002_2026","Perla  Centeno","CLIENT","POS_LEGACY","REVIEW",false,false,true,"Synced from Desktop POS application (relatedClientId: cliente0002_2026)","Firestore /users document user_cliente0002_2026 | Origin evidence: Synced from Desktop POS application (relatedClientId: cliente0002_2026) | Operational counts: sales=0, payments=0, orders=0","AUTH_ENUMERATION_BLOCKED"
36,"user_cliente0008_2026","user_cliente0008_2026","Junior Flores","CLIENT","POS_LEGACY","REVIEW",false,false,true,"Synced from Desktop POS application (relatedClientId: cliente0008_2026)","Firestore /users document user_cliente0008_2026 | Origin evidence: Synced from Desktop POS application (relatedClientId: cliente0008_2026) | Operational counts: sales=0, payments=0, orders=0","AUTH_ENUMERATION_BLOCKED"
37,"user_cliente0009_2026","user_cliente0009_2026","hola oooo","CLIENT","POS_LEGACY","REVIEW",false,false,true,"Synced from Desktop POS application (relatedClientId: cliente0009_2026)","Firestore /users document user_cliente0009_2026 | Origin evidence: Synced from Desktop POS application (relatedClientId: cliente0009_2026) | Operational counts: sales=0, payments=0, orders=0","AUTH_ENUMERATION_BLOCKED"
38,"user_cliente0010_2026","user_cliente0010_2026","maria ramos","CLIENT","POS_LEGACY","REVIEW",false,false,true,"Synced from Desktop POS application (relatedClientId: cliente0010_2026)","Firestore /users document user_cliente0010_2026 | Origin evidence: Synced from Desktop POS application (relatedClientId: cliente0010_2026) | Operational counts: sales=0, payments=0, orders=0","AUTH_ENUMERATION_BLOCKED"
39,"user_cliente0011_2026","user_cliente0011_2026","sonia matamoros","CLIENT","POS_LEGACY","REVIEW",false,false,true,"Synced from Desktop POS application (relatedClientId: cliente0011_2026)","Firestore /users document user_cliente0011_2026 | Origin evidence: Synced from Desktop POS application (relatedClientId: cliente0011_2026) | Operational counts: sales=0, payments=0, orders=0","AUTH_ENUMERATION_BLOCKED"
40,"user_cliente1768275049139","user_cliente1768275049139","eva morales","CLIENT","POS_LEGACY","REVIEW",false,false,true,"Synced from Desktop POS application (relatedClientId: cliente1768275049139)","Firestore /users document user_cliente1768275049139 | Origin evidence: Synced from Desktop POS application (relatedClientId: cliente1768275049139) | Operational counts: sales=0, payments=0, orders=0","AUTH_ENUMERATION_BLOCKED"
41,"user_cliente1768278375844","user_cliente1768278375844","xoci ruiz","CLIENT","POS_LEGACY","REVIEW",false,false,true,"Synced from Desktop POS application (relatedClientId: cliente1768278375844)","Firestore /users document user_cliente1768278375844 | Origin evidence: Synced from Desktop POS application (relatedClientId: cliente1768278375844) | Operational counts: sales=0, payments=0, orders=0","AUTH_ENUMERATION_BLOCKED"
