index,uid,documentId,effectiveName,originClass,eligibilityClass,deleteAllowed,archiveAllowed,reviewRequired,riskLevel,riskReason
1,"1768226535785","1768226535785","Gerald José  Flores Gutiérrez","POS_LEGACY","REVIEW",false,false,true,"MEDIUM","Legacy / Unstructured identity requiring human review"
2,"1768243841542","1768243841542","Kim","BUSINESS_PROVISION","KEEP",false,false,false,"LOW","Verified operating system identity"
3,"1768878763084","1768878763084","Henry Paz","POS_STAFF","REVIEW",false,false,true,"MEDIUM","Legacy / Unstructured identity requiring human review"
4,"1769029559449","1769029559449","Chepita","POS_STAFF","REVIEW",false,false,true,"MEDIUM","Legacy / Unstructured identity requiring human review"
5,"3Wt0XdzeOTfG1OXn72ApIhVbE5i1","3Wt0XdzeOTfG1OXn72ApIhVbE5i1","Kimberly Flores Centeno","UNKNOWN","REVIEW",false,false,true,"MEDIUM","Legacy / Unstructured identity requiring human review"
6,"8O8hJe5kSzNQxUkLwwkCsipGmAI3","8O8hJe5kSzNQxUkLwwkCsipGmAI3","kimberly Flores","BUSINESS_PROVISION","KEEP",false,false,false,"LOW","Verified operating system identity"
7,"9QHYGkSa3nWiJ7KfPkccjjuIaYp2","9QHYGkSa3nWiJ7KfPkccjjuIaYp2","Henry Paz","DELIVERY_FLEET","KEEP",false,false,false,"LOW","Verified operating system identity"
8,"USR-1768621181014","USR-1768621181014","Zamir Ocornor","POS_LEGACY","REVIEW",false,false,true,"MEDIUM","Legacy / Unstructured identity requiring human review"
9,"USR-1769025804680","USR-1769025804680","Omar Altamirano","POS_LEGACY","REVIEW",false,false,true,"MEDIUM","Legacy / Unstructured identity requiring human review"
10,"USR-1769029685895","USR-1769029685895","Richard centeno","POS_LEGACY","REVIEW",false,false,true,"MEDIUM","Legacy / Unstructured identity requiring human review"
11,"USR-1769098535884","USR-1769098535884","Adolfo Urbina","POS_LEGACY","REVIEW",false,false,true,"MEDIUM","Legacy / Unstructured identity requiring human review"
12,"USR-1769190932815","USR-1769190932815","vicenta gutirrrez","POS_LEGACY","REVIEW",false,false,true,"MEDIUM","Legacy / Unstructured identity requiring human review"
13,"USR-1769194803657","USR-1769194803657","adolfo  urbina","POS_LEGACY","REVIEW",false,false,true,"MEDIUM","Legacy / Unstructured identity requiring human review"
14,"USR-1769465117595","USR-1769465117595","andy flores","POS_LEGACY","REVIEW",false,false,true,"MEDIUM","Legacy / Unstructured identity requiring human review"
15,"USR-1769487243198","USR-1769487243198","Helo Jdkdk","POS_LEGACY","REVIEW",false,false,true,"MEDIUM","Legacy / Unstructured identity requiring human review"
16,"USR-1769620170492","USR-1769620170492","pepe flores","POS_LEGACY","REVIEW",false,false,true,"MEDIUM","Legacy / Unstructured identity requiring human review"
17,"USR-1769633352410","USR-1769633352410","Gggg Ghh","POS_LEGACY","REVIEW",false,false,true,"MEDIUM","Legacy / Unstructured identity requiring human review"
18,"USR-1769711990359","USR-1769711990359","venus flores","POS_LEGACY","REVIEW",false,false,true,"MEDIUM","Legacy / Unstructured identity requiring human review"
19,"USR-1770060240159","USR-1770060240159","Jairo  AldNa","POS_LEGACY","REVIEW",false,false,true,"MEDIUM","Legacy / Unstructured identity requiring human review"
20,"USR-1771428610412","USR-1771428610412","Nelson Busto","POS_LEGACY","REVIEW",false,false,true,"MEDIUM","Legacy / Unstructured identity requiring human review"
21,"USR-1772377026947","USR-1772377026947","Luciana  Aldana","POS_LEGACY","REVIEW",false,false,true,"MEDIUM","Legacy / Unstructured identity requiring human review"
22,"USR-CL-1768337682525","USR-CL-1768337682525","allan mendoza","POS_LEGACY","REVIEW",false,false,true,"MEDIUM","Legacy / Unstructured identity requiring human review"
23,"USR-CL-1768342901776","USR-CL-1768342901776","zoe flores","POS_LEGACY","REVIEW",false,false,true,"MEDIUM","Legacy / Unstructured identity requiring human review"
24,"USR-CL-1768365031013","USR-CL-1768365031013","maria chavez","POS_LEGACY","REVIEW",false,false,true,"MEDIUM","Legacy / Unstructured identity requiring human review"
25,"USR-CL-1768422839897","USR-CL-1768422839897","denis flores","POS_LEGACY","REVIEW",false,false,true,"MEDIUM","Legacy / Unstructured identity requiring human review"
26,"XWNzPT5p6fbf7reFdFBNTZoQrY42","XWNzPT5p6fbf7reFdFBNTZoQrY42","Junior Flores","MERCHANT_ONBOARDING","KEEP",false,false,false,"LOW","Verified operating system identity"
27,"XWsjzZe8lsfthRQ5PgbDzlqA2nX2","XWsjzZe8lsfthRQ5PgbDzlqA2nX2","Gerald Flores","ADMIN_PANEL","KEEP",false,false,false,"LOW","Verified operating system identity"
28,"admin_initial","admin_initial","Admin Gerald Flores","ADMIN_PANEL","KEEP",false,false,false,"LOW","Verified operating system identity"
29,"dbX1tvV2WNdFv4KWMbWNW8lngDI2","dbX1tvV2WNdFv4KWMbWNW8lngDI2","Gerald Jose Flores Gutierrez","UNKNOWN","REVIEW",false,false,true,"MEDIUM","Legacy / Unstructured identity requiring human review"
30,"dlRY2ZVUqPR2Fxoc3cazcOxxRJg2","dlRY2ZVUqPR2Fxoc3cazcOxxRJg2","FRITONI","BUSINESS_PROVISION","KEEP",false,false,false,"LOW","Verified operating system identity"
31,"h00PIZpMgxSaqSVnYpRLPq0DYGC3","h00PIZpMgxSaqSVnYpRLPq0DYGC3","ITED Virtual","UNKNOWN","REVIEW",false,false,true,"MEDIUM","Legacy / Unstructured identity requiring human review"
32,"qtlV8m8wj0ed0tQFXKzjfXKzQ5g2","qtlV8m8wj0ed0tQFXKzjfXKzQ5g2","Aldrich Flores","MERCHANT_ONBOARDING","KEEP",false,false,false,"LOW","Verified operating system identity"
33,"user_cli_1768237897386","user_cli_1768237897386","Aldrich  Flores","POS_LEGACY","REVIEW",false,false,true,"MEDIUM","Legacy / Unstructured identity requiring human review"
34,"user_cli_1768240170991","user_cli_1768240170991","venus flores","POS_LEGACY","REVIEW",false,false,true,"MEDIUM","Legacy / Unstructured identity requiring human review"
35,"user_cliente0002_2026","user_cliente0002_2026","Perla  Centeno","POS_LEGACY","REVIEW",false,false,true,"MEDIUM","Legacy / Unstructured identity requiring human review"
36,"user_cliente0008_2026","user_cliente0008_2026","Junior Flores","POS_LEGACY","REVIEW",false,false,true,"MEDIUM","Legacy / Unstructured identity requiring human review"
37,"user_cliente0009_2026","user_cliente0009_2026","hola oooo","POS_LEGACY","REVIEW",false,false,true,"MEDIUM","Legacy / Unstructured identity requiring human review"
38,"user_cliente0010_2026","user_cliente0010_2026","maria ramos","POS_LEGACY","REVIEW",false,false,true,"MEDIUM","Legacy / Unstructured identity requiring human review"
39,"user_cliente0011_2026","user_cliente0011_2026","sonia matamoros","POS_LEGACY","REVIEW",false,false,true,"MEDIUM","Legacy / Unstructured identity requiring human review"
40,"user_cliente1768275049139","user_cliente1768275049139","eva morales","POS_LEGACY","REVIEW",false,false,true,"MEDIUM","Legacy / Unstructured identity requiring human review"
41,"user_cliente1768278375844","user_cliente1768278375844","xoci ruiz","POS_LEGACY","REVIEW",false,false,true,"MEDIUM","Legacy / Unstructured identity requiring human review"
