index,uid,documentId,effectiveName,rawRole,canonicalRole,originClass,originEvidence,originConfidence
1,"1768226535785","1768226535785","Gerald José  Flores Gutiérrez","CLIENT","customer","POS_LEGACY","Synced from Desktop POS application (relatedClientId: cliente0001_2026)","HIGH"
2,"1768243841542","1768243841542","Kim","business","business","BUSINESS_PROVISION","Provisioned Merchant Owner / Business user bound to businessId: null","HIGH"
3,"1768878763084","1768878763084","Henry Paz","SELLER","seller","POS_STAFF","POS Cashier / Seller Staff account provisioned for local store sales","HIGH"
4,"1769029559449","1769029559449","Chepita","SELLER","seller","POS_STAFF","POS Cashier / Seller Staff account provisioned for local store sales","HIGH"
5,"3Wt0XdzeOTfG1OXn72ApIhVbE5i1","3Wt0XdzeOTfG1OXn72ApIhVbE5i1","Kimberly Flores Centeno","undefined","undefined","UNKNOWN","Unclassified document in /users","LOW"
6,"8O8hJe5kSzNQxUkLwwkCsipGmAI3","8O8hJe5kSzNQxUkLwwkCsipGmAI3","kimberly Flores","business","business","BUSINESS_PROVISION","Provisioned Merchant Owner / Business user bound to businessId: null","HIGH"
7,"9QHYGkSa3nWiJ7KfPkccjjuIaYp2","9QHYGkSa3nWiJ7KfPkccjjuIaYp2","Henry Paz","courier","courier","DELIVERY_FLEET","Delivery Fleet Courier operator account registered for order distribution","HIGH"
8,"USR-1768621181014","USR-1768621181014","Zamir Ocornor","CLIENT","customer","POS_LEGACY","Synced from Desktop POS application (relatedClientId: cliente3693_2026)","HIGH"
9,"USR-1769025804680","USR-1769025804680","Omar Altamirano","CLIENT","customer","POS_LEGACY","Synced from Desktop POS application (relatedClientId: cliente4375_2026)","HIGH"
10,"USR-1769029685895","USR-1769029685895","Richard centeno","CLIENT","customer","POS_LEGACY","Synced from Desktop POS application (relatedClientId: cliente1852_2026)","HIGH"
11,"USR-1769098535884","USR-1769098535884","Adolfo Urbina","CLIENT","customer","POS_LEGACY","Synced from Desktop POS application (relatedClientId: cliente2968_2026)","HIGH"
12,"USR-1769190932815","USR-1769190932815","vicenta gutirrrez","CLIENT","customer","POS_LEGACY","Synced from Desktop POS application (relatedClientId: cliente3263_2026)","HIGH"
13,"USR-1769194803657","USR-1769194803657","adolfo  urbina","CLIENT","customer","POS_LEGACY","Synced from Desktop POS application (relatedClientId: cliente4376_2026)","HIGH"
14,"USR-1769465117595","USR-1769465117595","andy flores","CLIENT","customer","POS_LEGACY","Synced from Desktop POS application (relatedClientId: cliente4377_2026)","HIGH"
15,"USR-1769487243198","USR-1769487243198","Helo Jdkdk","CLIENT","customer","POS_LEGACY","Synced from Desktop POS application (relatedClientId: cliente0015_2026)","HIGH"
16,"USR-1769620170492","USR-1769620170492","pepe flores","CLIENT","customer","POS_LEGACY","Synced from Desktop POS application (relatedClientId: cliente4378_2026)","HIGH"
17,"USR-1769633352410","USR-1769633352410","Gggg Ghh","CLIENT","customer","POS_LEGACY","Synced from Desktop POS application (relatedClientId: cliente4379_2026)","HIGH"
18,"USR-1769711990359","USR-1769711990359","venus flores","CLIENT","customer","POS_LEGACY","Synced from Desktop POS application (relatedClientId: cliente0015_2026)","HIGH"
19,"USR-1770060240159","USR-1770060240159","Jairo  AldNa","CLIENT","customer","POS_LEGACY","Synced from Desktop POS application (relatedClientId: cliente4380_2026)","HIGH"
20,"USR-1771428610412","USR-1771428610412","Nelson Busto","CLIENT","customer","POS_LEGACY","Synced from Desktop POS application (relatedClientId: cliente4381_2026)","HIGH"
21,"USR-1772377026947","USR-1772377026947","Luciana  Aldana","CLIENT","customer","POS_LEGACY","Synced from Desktop POS application (relatedClientId: cliente4382_2026)","HIGH"
22,"USR-CL-1768337682525","USR-CL-1768337682525","allan mendoza","CLIENT","customer","POS_LEGACY","Synced from Desktop POS application (relatedClientId: cliente0012_2026)","HIGH"
23,"USR-CL-1768342901776","USR-CL-1768342901776","zoe flores","CLIENT","customer","POS_LEGACY","Synced from Desktop POS application (relatedClientId: cliente0013_2026)","HIGH"
24,"USR-CL-1768365031013","USR-CL-1768365031013","maria chavez","CLIENT","customer","POS_LEGACY","Synced from Desktop POS application (relatedClientId: cliente0014_2026)","HIGH"
25,"USR-CL-1768422839897","USR-CL-1768422839897","denis flores","CLIENT","customer","POS_LEGACY","Synced from Desktop POS application (relatedClientId: cliente0015_2026)","HIGH"
26,"XWNzPT5p6fbf7reFdFBNTZoQrY42","XWNzPT5p6fbf7reFdFBNTZoQrY42","Junior Flores","MERCHANT_OWNER","business","MERCHANT_ONBOARDING","ADR-011 Canonical Merchant Onboarding chain (Organization: 75b145e5-17ec-4248-a085-c962a408db86, Business: e7dc911e-e587-4be9-a741-7d9d9828011f)","HIGH"
27,"XWsjzZe8lsfthRQ5PgbDzlqA2nX2","XWsjzZe8lsfthRQ5PgbDzlqA2nX2","Gerald Flores","admin","admin","ADMIN_PANEL","EIAM System Administrator account provisioned for platform management","HIGH"
28,"admin_initial","admin_initial","Admin Gerald Flores","ADMIN","admin","ADMIN_PANEL","EIAM System Administrator account provisioned for platform management","HIGH"
29,"dbX1tvV2WNdFv4KWMbWNW8lngDI2","dbX1tvV2WNdFv4KWMbWNW8lngDI2","Gerald Jose Flores Gutierrez","undefined","undefined","UNKNOWN","Unclassified document in /users","LOW"
30,"dlRY2ZVUqPR2Fxoc3cazcOxxRJg2","dlRY2ZVUqPR2Fxoc3cazcOxxRJg2","FRITONI","business","business","BUSINESS_PROVISION","Provisioned Merchant Owner / Business user bound to businessId: null","HIGH"
31,"h00PIZpMgxSaqSVnYpRLPq0DYGC3","h00PIZpMgxSaqSVnYpRLPq0DYGC3","ITED Virtual","undefined","undefined","UNKNOWN","Unclassified document in /users","LOW"
32,"qtlV8m8wj0ed0tQFXKzjfXKzQ5g2","qtlV8m8wj0ed0tQFXKzjfXKzQ5g2","Aldrich Flores","MERCHANT_OWNER","business","MERCHANT_ONBOARDING","ADR-011 Canonical Merchant Onboarding chain (Organization: 1b485c29-b7e3-4173-a4fd-36f8bb4ec1e8, Business: bbb760d5-a8f3-4700-9a96-f58f11f345ac)","HIGH"
33,"user_cli_1768237897386","user_cli_1768237897386","Aldrich  Flores","CLIENT","customer","POS_LEGACY","Synced from Desktop POS application (relatedClientId: cliente0003_2026)","HIGH"
34,"user_cli_1768240170991","user_cli_1768240170991","venus flores","CLIENT","customer","POS_LEGACY","Synced from Desktop POS application (relatedClientId: cliente0007_2026)","HIGH"
35,"user_cliente0002_2026","user_cliente0002_2026","Perla  Centeno","CLIENT","customer","POS_LEGACY","Synced from Desktop POS application (relatedClientId: cliente0002_2026)","HIGH"
36,"user_cliente0008_2026","user_cliente0008_2026","Junior Flores","CLIENT","customer","POS_LEGACY","Synced from Desktop POS application (relatedClientId: cliente0008_2026)","HIGH"
37,"user_cliente0009_2026","user_cliente0009_2026","hola oooo","CLIENT","customer","POS_LEGACY","Synced from Desktop POS application (relatedClientId: cliente0009_2026)","HIGH"
38,"user_cliente0010_2026","user_cliente0010_2026","maria ramos","CLIENT","customer","POS_LEGACY","Synced from Desktop POS application (relatedClientId: cliente0010_2026)","HIGH"
39,"user_cliente0011_2026","user_cliente0011_2026","sonia matamoros","CLIENT","customer","POS_LEGACY","Synced from Desktop POS application (relatedClientId: cliente0011_2026)","HIGH"
40,"user_cliente1768275049139","user_cliente1768275049139","eva morales","CLIENT","customer","POS_LEGACY","Synced from Desktop POS application (relatedClientId: cliente1768275049139)","HIGH"
41,"user_cliente1768278375844","user_cliente1768278375844","xoci ruiz","CLIENT","customer","POS_LEGACY","Synced from Desktop POS application (relatedClientId: cliente1768278375844)","HIGH"
