index,uid,documentId,effectiveName,currentState,primaryAction,secondaryFlags,risk,dependencies,normalizationCandidate,linkCandidate,linkApproved,reviewRequired,deleteAllowed,archiveAllowed,reason,evidence,approvalRequired,rollbackStrategy,authStatus
1,"1768226535785","1768226535785","Gerald José  Flores Gutiérrez","CUSTOMER","REMEDIATE","AUTH_ENUMERATION_BLOCKED;NORMALIZATION_CANDIDATE","MEDIUM",NONE,Gerald José  Flores Gutiérrez,false,false,false,false,false,"Canonical Phase I.1 Dry-Run Evaluation","Firestore /users document 1768226535785 | Operational activity: sales=0, payments=0, orders=0 | Device links: 0",TRUE,"Delete field / remove logic link","AUTH_ENUMERATION_BLOCKED"
2,"1768243841542","1768243841542","Kim","BUSINESS","REMEDIATE","BUSINESS_IDENTITY;HAS_OPERATIONAL_ACTIVITY;HAS_HISTORICAL_DEPENDENCY;AUTH_ENUMERATION_BLOCKED;NORMALIZATION_CANDIDATE","MEDIUM",OPERATIONAL,Kim,false,false,false,false,false,"Canonical Phase I.1 Dry-Run Evaluation","Firestore /users document 1768243841542 | Operational activity: sales=27, payments=0, orders=0 | Device links: 0",TRUE,"Delete field / remove logic link","AUTH_ENUMERATION_BLOCKED"
3,"1768878763084","1768878763084","Henry Paz","SELLER","REMEDIATE","SELLER_IDENTITY;HAS_OPERATIONAL_ACTIVITY;HAS_HISTORICAL_DEPENDENCY;AUTH_ENUMERATION_BLOCKED;NORMALIZATION_CANDIDATE","MEDIUM",OPERATIONAL,Henry Paz,false,false,false,false,false,"Canonical Phase I.1 Dry-Run Evaluation","Firestore /users document 1768878763084 | Operational activity: sales=65, payments=0, orders=0 | Device links: 0",TRUE,"Delete field / remove logic link","AUTH_ENUMERATION_BLOCKED"
4,"1769029559449","1769029559449","Chepita","SELLER","REMEDIATE","SELLER_IDENTITY;HAS_OPERATIONAL_ACTIVITY;HAS_HISTORICAL_DEPENDENCY;AUTH_ENUMERATION_BLOCKED;NORMALIZATION_CANDIDATE","MEDIUM",OPERATIONAL,Chepita,false,false,false,false,false,"Canonical Phase I.1 Dry-Run Evaluation","Firestore /users document 1769029559449 | Operational activity: sales=8, payments=0, orders=0 | Device links: 0",TRUE,"Delete field / remove logic link","AUTH_ENUMERATION_BLOCKED"
5,"3Wt0XdzeOTfG1OXn72ApIhVbE5i1","3Wt0XdzeOTfG1OXn72ApIhVbE5i1","Kimberly Flores Centeno","UNKNOWN","KEEP","HAS_OPERATIONAL_ACTIVITY;HAS_HISTORICAL_DEPENDENCY;AUTH_ENUMERATION_BLOCKED","LOW",OPERATIONAL,false,false,false,false,false,false,"Canonical Phase I.1 Dry-Run Evaluation","Firestore /users document 3Wt0XdzeOTfG1OXn72ApIhVbE5i1 | Operational activity: sales=0, payments=0, orders=1 | Device links: 2",TRUE,"Delete field / remove logic link","AUTH_ENUMERATION_BLOCKED"
6,"8O8hJe5kSzNQxUkLwwkCsipGmAI3","8O8hJe5kSzNQxUkLwwkCsipGmAI3","kimberly Flores","BUSINESS","REVIEW","BUSINESS_IDENTITY;PHONE_MATCH;AUTH_ENUMERATION_BLOCKED","LOW",NONE,false,false,false,true,false,false,"Canonical Phase I.1 Dry-Run Evaluation","Firestore /users document 8O8hJe5kSzNQxUkLwwkCsipGmAI3 | Operational activity: sales=0, payments=0, orders=0 | Device links: 0",TRUE,"Delete field / remove logic link","AUTH_ENUMERATION_BLOCKED"
7,"9QHYGkSa3nWiJ7KfPkccjjuIaYp2","9QHYGkSa3nWiJ7KfPkccjjuIaYp2","Henry Paz","COURIER","REVIEW","COURIER_IDENTITY;PHONE_MATCH;AUTH_ENUMERATION_BLOCKED","LOW",NONE,false,false,false,true,false,false,"Canonical Phase I.1 Dry-Run Evaluation","Firestore /users document 9QHYGkSa3nWiJ7KfPkccjjuIaYp2 | Operational activity: sales=0, payments=0, orders=0 | Device links: 1",TRUE,"Delete field / remove logic link","AUTH_ENUMERATION_BLOCKED"
8,"USR-1768621181014","USR-1768621181014","Zamir Ocornor","CUSTOMER","REMEDIATE","AUTH_ENUMERATION_BLOCKED;NORMALIZATION_CANDIDATE","MEDIUM",NONE,Zamir Ocornor,false,false,false,false,false,"Canonical Phase I.1 Dry-Run Evaluation","Firestore /users document USR-1768621181014 | Operational activity: sales=0, payments=0, orders=0 | Device links: 0",TRUE,"Delete field / remove logic link","AUTH_ENUMERATION_BLOCKED"
9,"USR-1769025804680","USR-1769025804680","Omar Altamirano","CUSTOMER","REMEDIATE","AUTH_ENUMERATION_BLOCKED;NORMALIZATION_CANDIDATE","MEDIUM",NONE,Omar Altamirano,false,false,false,false,false,"Canonical Phase I.1 Dry-Run Evaluation","Firestore /users document USR-1769025804680 | Operational activity: sales=0, payments=0, orders=0 | Device links: 0",TRUE,"Delete field / remove logic link","AUTH_ENUMERATION_BLOCKED"
10,"USR-1769029685895","USR-1769029685895","Richard centeno","CUSTOMER","REMEDIATE","AUTH_ENUMERATION_BLOCKED;NORMALIZATION_CANDIDATE","MEDIUM",NONE,Richard centeno,false,false,false,false,false,"Canonical Phase I.1 Dry-Run Evaluation","Firestore /users document USR-1769029685895 | Operational activity: sales=0, payments=0, orders=0 | Device links: 0",TRUE,"Delete field / remove logic link","AUTH_ENUMERATION_BLOCKED"
11,"USR-1769098535884","USR-1769098535884","Adolfo Urbina","CUSTOMER","REMEDIATE","AUTH_ENUMERATION_BLOCKED;NORMALIZATION_CANDIDATE","MEDIUM",NONE,Adolfo Urbina,false,false,false,false,false,"Canonical Phase I.1 Dry-Run Evaluation","Firestore /users document USR-1769098535884 | Operational activity: sales=0, payments=0, orders=0 | Device links: 0",TRUE,"Delete field / remove logic link","AUTH_ENUMERATION_BLOCKED"
12,"USR-1769190932815","USR-1769190932815","vicenta gutirrrez","CUSTOMER","REMEDIATE","AUTH_ENUMERATION_BLOCKED;NORMALIZATION_CANDIDATE","MEDIUM",NONE,vicenta gutirrrez,false,false,false,false,false,"Canonical Phase I.1 Dry-Run Evaluation","Firestore /users document USR-1769190932815 | Operational activity: sales=0, payments=0, orders=0 | Device links: 0",TRUE,"Delete field / remove logic link","AUTH_ENUMERATION_BLOCKED"
13,"USR-1769194803657","USR-1769194803657","adolfo  urbina","CUSTOMER","REMEDIATE","AUTH_ENUMERATION_BLOCKED;NORMALIZATION_CANDIDATE","MEDIUM",NONE,adolfo  urbina,false,false,false,false,false,"Canonical Phase I.1 Dry-Run Evaluation","Firestore /users document USR-1769194803657 | Operational activity: sales=0, payments=0, orders=0 | Device links: 0",TRUE,"Delete field / remove logic link","AUTH_ENUMERATION_BLOCKED"
14,"USR-1769465117595","USR-1769465117595","andy flores","CUSTOMER","REMEDIATE","AUTH_ENUMERATION_BLOCKED;NORMALIZATION_CANDIDATE","MEDIUM",NONE,andy flores,false,false,false,false,false,"Canonical Phase I.1 Dry-Run Evaluation","Firestore /users document USR-1769465117595 | Operational activity: sales=0, payments=0, orders=0 | Device links: 0",TRUE,"Delete field / remove logic link","AUTH_ENUMERATION_BLOCKED"
15,"USR-1769487243198","USR-1769487243198","Helo Jdkdk","CUSTOMER","REMEDIATE","AUTH_ENUMERATION_BLOCKED;NORMALIZATION_CANDIDATE","MEDIUM",NONE,Helo Jdkdk,false,false,false,false,false,"Canonical Phase I.1 Dry-Run Evaluation","Firestore /users document USR-1769487243198 | Operational activity: sales=0, payments=0, orders=0 | Device links: 0",TRUE,"Delete field / remove logic link","AUTH_ENUMERATION_BLOCKED"
16,"USR-1769620170492","USR-1769620170492","pepe flores","CUSTOMER","REMEDIATE","AUTH_ENUMERATION_BLOCKED;NORMALIZATION_CANDIDATE","MEDIUM",NONE,pepe flores,false,false,false,false,false,"Canonical Phase I.1 Dry-Run Evaluation","Firestore /users document USR-1769620170492 | Operational activity: sales=0, payments=0, orders=0 | Device links: 0",TRUE,"Delete field / remove logic link","AUTH_ENUMERATION_BLOCKED"
17,"USR-1769633352410","USR-1769633352410","Gggg Ghh","CUSTOMER","REMEDIATE","AUTH_ENUMERATION_BLOCKED;NORMALIZATION_CANDIDATE","MEDIUM",NONE,Gggg Ghh,false,false,false,false,false,"Canonical Phase I.1 Dry-Run Evaluation","Firestore /users document USR-1769633352410 | Operational activity: sales=0, payments=0, orders=0 | Device links: 0",TRUE,"Delete field / remove logic link","AUTH_ENUMERATION_BLOCKED"
18,"USR-1769711990359","USR-1769711990359","venus flores","CUSTOMER","REMEDIATE","AUTH_ENUMERATION_BLOCKED;NORMALIZATION_CANDIDATE","MEDIUM",NONE,venus flores,false,false,false,false,false,"Canonical Phase I.1 Dry-Run Evaluation","Firestore /users document USR-1769711990359 | Operational activity: sales=0, payments=0, orders=0 | Device links: 0",TRUE,"Delete field / remove logic link","AUTH_ENUMERATION_BLOCKED"
19,"USR-1770060240159","USR-1770060240159","Jairo  AldNa","CUSTOMER","REMEDIATE","AUTH_ENUMERATION_BLOCKED;NORMALIZATION_CANDIDATE","MEDIUM",NONE,Jairo  AldNa,false,false,false,false,false,"Canonical Phase I.1 Dry-Run Evaluation","Firestore /users document USR-1770060240159 | Operational activity: sales=0, payments=0, orders=0 | Device links: 0",TRUE,"Delete field / remove logic link","AUTH_ENUMERATION_BLOCKED"
20,"USR-1771428610412","USR-1771428610412","Nelson Busto","CUSTOMER","REMEDIATE","AUTH_ENUMERATION_BLOCKED;NORMALIZATION_CANDIDATE","MEDIUM",NONE,Nelson Busto,false,false,false,false,false,"Canonical Phase I.1 Dry-Run Evaluation","Firestore /users document USR-1771428610412 | Operational activity: sales=0, payments=0, orders=0 | Device links: 0",TRUE,"Delete field / remove logic link","AUTH_ENUMERATION_BLOCKED"
21,"USR-1772377026947","USR-1772377026947","Luciana  Aldana","CUSTOMER","REMEDIATE","AUTH_ENUMERATION_BLOCKED;NORMALIZATION_CANDIDATE","MEDIUM",NONE,Luciana  Aldana,false,false,false,false,false,"Canonical Phase I.1 Dry-Run Evaluation","Firestore /users document USR-1772377026947 | Operational activity: sales=0, payments=0, orders=0 | Device links: 0",TRUE,"Delete field / remove logic link","AUTH_ENUMERATION_BLOCKED"
22,"USR-CL-1768337682525","USR-CL-1768337682525","allan mendoza","CUSTOMER","REMEDIATE","AUTH_ENUMERATION_BLOCKED;NORMALIZATION_CANDIDATE","MEDIUM",NONE,allan mendoza,false,false,false,false,false,"Canonical Phase I.1 Dry-Run Evaluation","Firestore /users document USR-CL-1768337682525 | Operational activity: sales=0, payments=0, orders=0 | Device links: 0",TRUE,"Delete field / remove logic link","AUTH_ENUMERATION_BLOCKED"
23,"USR-CL-1768342901776","USR-CL-1768342901776","zoe flores","CUSTOMER","REMEDIATE","AUTH_ENUMERATION_BLOCKED;NORMALIZATION_CANDIDATE","MEDIUM",NONE,zoe flores,false,false,false,false,false,"Canonical Phase I.1 Dry-Run Evaluation","Firestore /users document USR-CL-1768342901776 | Operational activity: sales=0, payments=0, orders=0 | Device links: 0",TRUE,"Delete field / remove logic link","AUTH_ENUMERATION_BLOCKED"
24,"USR-CL-1768365031013","USR-CL-1768365031013","maria chavez","CUSTOMER","REMEDIATE","AUTH_ENUMERATION_BLOCKED;NORMALIZATION_CANDIDATE","MEDIUM",NONE,maria chavez,false,false,false,false,false,"Canonical Phase I.1 Dry-Run Evaluation","Firestore /users document USR-CL-1768365031013 | Operational activity: sales=0, payments=0, orders=0 | Device links: 0",TRUE,"Delete field / remove logic link","AUTH_ENUMERATION_BLOCKED"
25,"USR-CL-1768422839897","USR-CL-1768422839897","denis flores","CUSTOMER","REMEDIATE","AUTH_ENUMERATION_BLOCKED;NORMALIZATION_CANDIDATE","MEDIUM",NONE,denis flores,false,false,false,false,false,"Canonical Phase I.1 Dry-Run Evaluation","Firestore /users document USR-CL-1768422839897 | Operational activity: sales=0, payments=0, orders=0 | Device links: 0",TRUE,"Delete field / remove logic link","AUTH_ENUMERATION_BLOCKED"
26,"XWNzPT5p6fbf7reFdFBNTZoQrY42","XWNzPT5p6fbf7reFdFBNTZoQrY42","Junior Flores","BUSINESS","REVIEW","BUSINESS_IDENTITY;PHONE_MATCH;HAS_HISTORICAL_DEPENDENCY;AUTH_ENUMERATION_BLOCKED","LOW",NONE,false,false,false,true,false,false,"Canonical Phase I.1 Dry-Run Evaluation","Firestore /users document XWNzPT5p6fbf7reFdFBNTZoQrY42 | Operational activity: sales=0, payments=0, orders=0 | Device links: 0",TRUE,"Delete field / remove logic link","AUTH_ENUMERATION_BLOCKED"
27,"XWsjzZe8lsfthRQ5PgbDzlqA2nX2","XWsjzZe8lsfthRQ5PgbDzlqA2nX2","Gerald Flores","ADMIN","KEEP","ADMIN_IDENTITY;HAS_OPERATIONAL_ACTIVITY;HAS_HISTORICAL_DEPENDENCY;AUTH_ENUMERATION_BLOCKED","LOW",OPERATIONAL,false,false,false,false,false,false,"Canonical Phase I.1 Dry-Run Evaluation","Firestore /users document XWsjzZe8lsfthRQ5PgbDzlqA2nX2 | Operational activity: sales=0, payments=0, orders=1 | Device links: 1",TRUE,"Delete field / remove logic link","AUTH_ENUMERATION_BLOCKED"
28,"admin_initial","admin_initial","Admin Gerald Flores","ADMIN","REMEDIATE","ADMIN_IDENTITY;HAS_OPERATIONAL_ACTIVITY;HAS_HISTORICAL_DEPENDENCY;AUTH_ENUMERATION_BLOCKED;NORMALIZATION_CANDIDATE","MEDIUM",OPERATIONAL,Admin Gerald Flores,false,false,false,false,false,"Canonical Phase I.1 Dry-Run Evaluation","Firestore /users document admin_initial | Operational activity: sales=256, payments=0, orders=0 | Device links: 0",TRUE,"Delete field / remove logic link","AUTH_ENUMERATION_BLOCKED"
29,"dbX1tvV2WNdFv4KWMbWNW8lngDI2","dbX1tvV2WNdFv4KWMbWNW8lngDI2","Gerald Jose Flores Gutierrez","UNKNOWN","KEEP","AUTH_ENUMERATION_BLOCKED","LOW",NONE,false,false,false,false,false,false,"Canonical Phase I.1 Dry-Run Evaluation","Firestore /users document dbX1tvV2WNdFv4KWMbWNW8lngDI2 | Operational activity: sales=0, payments=0, orders=0 | Device links: 1",TRUE,"Delete field / remove logic link","AUTH_ENUMERATION_BLOCKED"
30,"dlRY2ZVUqPR2Fxoc3cazcOxxRJg2","dlRY2ZVUqPR2Fxoc3cazcOxxRJg2","FRITONI","BUSINESS","REVIEW","BUSINESS_IDENTITY;PHONE_MATCH;AUTH_ENUMERATION_BLOCKED","LOW",NONE,false,false,false,true,false,false,"Canonical Phase I.1 Dry-Run Evaluation","Firestore /users document dlRY2ZVUqPR2Fxoc3cazcOxxRJg2 | Operational activity: sales=0, payments=0, orders=0 | Device links: 2",TRUE,"Delete field / remove logic link","AUTH_ENUMERATION_BLOCKED"
31,"h00PIZpMgxSaqSVnYpRLPq0DYGC3","h00PIZpMgxSaqSVnYpRLPq0DYGC3","ITED Virtual","UNKNOWN","KEEP","HAS_OPERATIONAL_ACTIVITY;HAS_HISTORICAL_DEPENDENCY;AUTH_ENUMERATION_BLOCKED","LOW",OPERATIONAL,false,false,false,false,false,false,"Canonical Phase I.1 Dry-Run Evaluation","Firestore /users document h00PIZpMgxSaqSVnYpRLPq0DYGC3 | Operational activity: sales=0, payments=0, orders=1 | Device links: 1",TRUE,"Delete field / remove logic link","AUTH_ENUMERATION_BLOCKED"
32,"qtlV8m8wj0ed0tQFXKzjfXKzQ5g2","qtlV8m8wj0ed0tQFXKzjfXKzQ5g2","Aldrich Flores","BUSINESS","KEEP","BUSINESS_IDENTITY;PHONE_MATCH;HAS_HISTORICAL_DEPENDENCY;AUTH_ENUMERATION_BLOCKED","LOW",NONE,false,false,false,false,false,false,"Canonical Phase I.1 Dry-Run Evaluation","Firestore /users document qtlV8m8wj0ed0tQFXKzjfXKzQ5g2 | Operational activity: sales=0, payments=0, orders=0 | Device links: 0",TRUE,"Delete field / remove logic link","AUTH_ENUMERATION_BLOCKED"
33,"user_cli_1768237897386","user_cli_1768237897386","Aldrich  Flores","LEGACY_POS","LINK_CANDIDATE","LEGACY_POS;AUTH_ENUMERATION_BLOCKED;NORMALIZATION_CANDIDATE","MEDIUM",NONE,Aldrich  Flores,true,false,true,false,false,"Canonical Phase I.1 Dry-Run Evaluation","Firestore /users document user_cli_1768237897386 | Operational activity: sales=0, payments=0, orders=0 | Device links: 0",TRUE,"Delete field / remove logic link","AUTH_ENUMERATION_BLOCKED"
34,"user_cli_1768240170991","user_cli_1768240170991","venus flores","LEGACY_POS","REVIEW","LEGACY_POS;AUTH_ENUMERATION_BLOCKED;NORMALIZATION_CANDIDATE","MEDIUM",NONE,venus flores,false,false,true,false,false,"Canonical Phase I.1 Dry-Run Evaluation","Firestore /users document user_cli_1768240170991 | Operational activity: sales=0, payments=0, orders=0 | Device links: 0",TRUE,"Delete field / remove logic link","AUTH_ENUMERATION_BLOCKED"
35,"user_cliente0002_2026","user_cliente0002_2026","Perla  Centeno","LEGACY_POS","REVIEW","LEGACY_POS;AUTH_ENUMERATION_BLOCKED;NORMALIZATION_CANDIDATE","MEDIUM",NONE,Perla  Centeno,false,false,true,false,false,"Canonical Phase I.1 Dry-Run Evaluation","Firestore /users document user_cliente0002_2026 | Operational activity: sales=0, payments=0, orders=0 | Device links: 0",TRUE,"Delete field / remove logic link","AUTH_ENUMERATION_BLOCKED"
36,"user_cliente0008_2026","user_cliente0008_2026","Junior Flores","LEGACY_POS","REVIEW","LEGACY_POS;AUTH_ENUMERATION_BLOCKED;NORMALIZATION_CANDIDATE","MEDIUM",NONE,Junior Flores,false,false,true,false,false,"Canonical Phase I.1 Dry-Run Evaluation","Firestore /users document user_cliente0008_2026 | Operational activity: sales=0, payments=0, orders=0 | Device links: 0",TRUE,"Delete field / remove logic link","AUTH_ENUMERATION_BLOCKED"
37,"user_cliente0009_2026","user_cliente0009_2026","hola oooo","LEGACY_POS","REVIEW","LEGACY_POS;AUTH_ENUMERATION_BLOCKED;NORMALIZATION_CANDIDATE","MEDIUM",NONE,hola oooo,false,false,true,false,false,"Canonical Phase I.1 Dry-Run Evaluation","Firestore /users document user_cliente0009_2026 | Operational activity: sales=0, payments=0, orders=0 | Device links: 0",TRUE,"Delete field / remove logic link","AUTH_ENUMERATION_BLOCKED"
38,"user_cliente0010_2026","user_cliente0010_2026","maria ramos","LEGACY_POS","REVIEW","LEGACY_POS;AUTH_ENUMERATION_BLOCKED;NORMALIZATION_CANDIDATE","MEDIUM",NONE,maria ramos,false,false,true,false,false,"Canonical Phase I.1 Dry-Run Evaluation","Firestore /users document user_cliente0010_2026 | Operational activity: sales=0, payments=0, orders=0 | Device links: 0",TRUE,"Delete field / remove logic link","AUTH_ENUMERATION_BLOCKED"
39,"user_cliente0011_2026","user_cliente0011_2026","sonia matamoros","LEGACY_POS","REVIEW","LEGACY_POS;AUTH_ENUMERATION_BLOCKED;NORMALIZATION_CANDIDATE","MEDIUM",NONE,sonia matamoros,false,false,true,false,false,"Canonical Phase I.1 Dry-Run Evaluation","Firestore /users document user_cliente0011_2026 | Operational activity: sales=0, payments=0, orders=0 | Device links: 0",TRUE,"Delete field / remove logic link","AUTH_ENUMERATION_BLOCKED"
40,"user_cliente1768275049139","user_cliente1768275049139","eva morales","LEGACY_POS","REVIEW","LEGACY_POS;AUTH_ENUMERATION_BLOCKED;NORMALIZATION_CANDIDATE","MEDIUM",NONE,eva morales,false,false,true,false,false,"Canonical Phase I.1 Dry-Run Evaluation","Firestore /users document user_cliente1768275049139 | Operational activity: sales=0, payments=0, orders=0 | Device links: 0",TRUE,"Delete field / remove logic link","AUTH_ENUMERATION_BLOCKED"
41,"user_cliente1768278375844","user_cliente1768278375844","xoci ruiz","LEGACY_POS","REVIEW","LEGACY_POS;AUTH_ENUMERATION_BLOCKED;NORMALIZATION_CANDIDATE","MEDIUM",NONE,xoci ruiz,false,false,true,false,false,"Canonical Phase I.1 Dry-Run Evaluation","Firestore /users document user_cliente1768278375844 | Operational activity: sales=0, payments=0, orders=0 | Device links: 0",TRUE,"Delete field / remove logic link","AUTH_ENUMERATION_BLOCKED"
